age,p
0.0,74.4235
2.66304,15.8805
9.83696,5.50314
20.5978,8.33333
49.6196,14.4654
59.9457,25.6289
69.8913,48.4277
79.8370,98.8994
